Title,Time Period,Composer,VocalRange,Class,Key,Highest Note,Lowest Note,Runtime of Song,Language,Genre,Assignee Name,
Sure on This Shining Night,1938 (Neo-Romantic),Barber,Vocal All,A,Bb,G5,D4,2:28,English,Classical,Shanaya,
Tell Me No More,1700 (Baroque),Blow,Vocal All,A,Eb,D5,Bb3,N/A,English,Classical,Shanaya,
Per la gloria d'adorarvi (High),1722 (Baroque),Bononcini,Vocal All,A,G,G5,E4,3:00,Italian,Classical,Shanaya,
Per la gloria d'adorarvi (Low),1723 (Baroque),Bononcini,Vocal All,A,D,D5,Bb3,3:00,Italian,Classical,Shanaya,
Wie Melodien zieht es mir,1886 (Romantic),Brahms,Vocal All,A,C,N/A,N/A,N/A,German,Classical,Shanaya,
Wade in de Water (High),1860s (Civil War Era),H.T. Burleigh,Vocal All,A,Fm,N/A,N/A,1:49,English,Spiritual,Shanaya,
Wade in de Water (Low),1860s (Civil War Era),H.T. Burleigh,Vocal All,A,Dm,F5,A3,1:49,English,Spiritual,Shanaya,
"Amarilli, mia bella (High)",1602 (Baroque),Caccini,Vocal All,A,Gm,E5,D4,2:48,Italian,Classical,Shanaya,
"Amarilli, mia bella (Medium)",1602 (Baroque),Caccini,Vocal All,A,Fm,D5,C4,2:48,Italian,Classical,Shanaya,
"Amarilli, mia bella (Low)",1602 (Baroque),Caccini,Vocal All,A,Em,C#5,B3,2:48,Italian,Classical,Shanaya,
Alma del core (High),1710 (Baroque),Caldara,Vocal All,A,A,,,2:48,Italian,Classical,,
Alma del core (Medium),1710 (Baroque),Caldara,Vocal All,A,G,,,2:48,Italian,Classical,,
Alma del core (Medium),1710 (Baroque),Caldara,Vocal All,A,E,,,2:48,Italian,Classical,,
Alma del core (Low),1710 (Baroque),Caldara,Vocal All,A,D,,,2:48,Italian,Classical,,
"Danza, Danza (Medium)",1772 (Baroque),Durante,Vocal All,A,Bbm,,,,Italian,Classical,,
"Danza, Danza (High)",1772 (Baroque),Durante,Vocal All,A,Bm,,,,Italian,Classical,,
"Danza, Danza (Low)",1772 (Baroque),Durante,Vocal All,A,Gm,,,,Italian,Classical,,
Apres un Reve (High),1878 (Romantic),Faure,Vocal All,A,Dm,,,2:40,French,Classical,,
Apres un Reve (Low),1878 (Romantic),Faure,Vocal All,A,Bm,,,2:40,French,Classical,,
Aurore,1884 (Romantic),Faure,Vocal All,A,E,,,,French,Classical,,
O del mio dolce ardor (High),1769 (Classical),Gluck,Vocal All,A,Fm,,,3:20,Italian,Aria,Jack,
O del mio dolce ardor (Low),1769 (Classical),Gluck,Vocal All,A,Dm,,,3:20,Italian,Aria,Jack,
Come and Trip It (Vocal All),1740 (Baroque),Handel,Vocal All,A,Gm,E5,B3,2:28,English,Classical,Jack,
Ride On King Jesus (High),1800s (Romantic),Johnson,Vocal All,A,Eb,,,2:15,English,Spiritual,Jack,
Ride On King Jesus (Low),1800s (Romantic),Johnson,Vocal All,A,Db,,,2:15,English,Spiritual,Jack,
"Blow, Blow Thou Winter Wind (Vocal All)",1740 (Baroque),Arne,Vocal All,A,Eb,,,2:10,English,Classical,Jack,
Gia il sole dal Gange (High),1700 (Baroque),Scarlatti,Vocal All,A,Ab,,,2:15,Italian,Aria,Jack,
Gia il sole dal Gange (Low),1700 (Baroque),Scarlatti,Vocal All,A,Eb,,,2:15,Italian,Aria,Jack,
"Pieta, Signore! (High)",1650 (Baroque),Stradella,Vocal All,A,Dm,,,5:00,Italian,Aria,Jack,
"Pieta, Signore! (Low)",1650 (Baroque),Stradella,Vocal All,A,Am,,,5:00,Italian,Aria,Jack,
Zueignung,1883 (Romantic),Richard Strauss,Vocal All,A,C,F5,E4,,German,Classical,Sam,
Zueignung,1883 (Romantic),Richard Strauss,Vocal All,A,Ab,N/A,N/A,,German,Classical,Sam,
Tu lo sai (High),1709 (Baroque),Torelli,Vocal All,A,E,N/A,N/A,2:28,Italian,Classical,Sam,
Tu lo sai (Low),1709 (Baroque),Torelli,Vocal All,A,C,D5,C4,2:30,Italian,Classical,Sam,
Silent Noon (High),1903 (English Romantic),Vaughan Williams,Vocal All,A,Eb,N/A,N/A,3:34,English,Classical,Sam,
Silent Noon (Low),1903 (English Romantic),Vaughan Williams,Vocal All,A,Db,,,,English,Classical,Sam,
Star Vicino (High),1665 (Baroque),Anonymous,Vocal All,B,G,E5(G5),G4,,Italian,Classical,Sam,
Star Vicino (Low),1665 (Baroque),Anonymous,Vocal All,B,Eb,Bb4(Eb5,Bb3,,Italian,Classical,Sam,
Whither Runneth My Sweetheart?,1606 (Renaissance),Bartlet,Vocal All,B,Eb,,,,English,Classical/Madrigal,Sam,
"Deep River (High, Vocal All)",1700s (Romantic),Burleigh,Vocal All,B,F,,,,English,Spiritual,Sam,
"Deep River (Low, Vocal All)",1700s (Romantic),Burleigh,Vocal All,B,C,E5,G3,2:20,English,Spiritual,Emma,
"My Lord, What a Mornin' (High)",1700s (Romantic),Burleigh,Vocal All,B,F,F5,F4,2:53,English,Spiritual,Emma,
"My Lord, What a Mornin' (Low)",1700s (Romantic),Burleigh,Vocal All,B,Db,,,,English,Spiritual,Emma,
Were You There? (High),1800s (Romantic),H.T. Burleigh,Vocal All,B,Ab,,,,English,Spiritual,Emma,
Were You There? (Low),1800s (Romantic),H.T. Burleigh,Vocal All,B,Eb,Eb5,Bb3,2:39,English,Spiritual,Emma,
"Sebben, crudele (High)",1600s (Baroque),Caldara,Vocal All,B,Em,E5,E4,2:21,Italian,Classical,Emma,
"Sebben, crudele (Low)",1600s (Baroque),Caldara,Vocal All,B,Cm,C5,C4,2:31,Italian,Classical,Emma,
At the River,1952 (Neoclassical),Copland,Vocal All,B,Eb,E5,E4,2:16,English,Classical,Emma,
The Boatman's Dance,1840/1950 (American Folk),Copland,Vocal All,B,E,F#5,E4,2:49,English,Folk,Emma,
The Little Horses,1952 (American Folk),Copland,Vocal All,B,Em,N/A,N/A,2:39,English,Folk,Emma,
Zion's Walls,1835 (Romantic),Copland,Vocal All,B,F,F5,C4,2:03,English,Folk Hymn,Yasmeen,
The Loveliest of Trees (High),1895/1986 (Romantic),Duke,Vocal All,B,Ab,F5,D4,N/A,English,Classical Art,Yasmeen,
The Loveliest of Trees (Low),1895/1986 (Romantic),Duke,Vocal All,B,F,Db5,C4,1:43,English,Classical Art,Yasmeen,
"Vergin, tutto amor (High)",1600s (Baroque),Durante,Vocal All,B,Cm,Eb5,D4,2:30,Italian,Classical,Yasmeen,
"Vergin, tutto amor (Low)",1600s (Baroque),Durante,Vocal All,B,Am,,,2:44,Italian,Classical,Yasmeen,
Verdi prati,1735 (Baroque),Handel,Vocal All,B,Eb,,,,Italian,Baroque Opera,Yasmeen,
The Beatitudes,1938 (Neo-Romantic),Malotte,Vocal All,B,G,G5,F4,2:11,English,Sacred,Yasmeen,
Lasciatemi morire! (High),1608 (Baroque),Monteverdi,Vocal All,B,Fm,F5,F4,1:22,Italian,Opera,Yasmeen,
Lasciatemi morire! (Low),1608 (Baroque),Monteverdi,Vocal All,B,Cm,C4,C5,1:20,Italian,Opera,Yasmeen,
Lasciatemi morire! (Medium),1608 (Baroque),Monteverdi,Vocal All,B,Dm,C4,B5,1:22,Italian,Opera,Yasmeen,
Sento nel core (High),1600s/1700s (Baroque),Scarlatti,Vocal All,B,Em,F5,E4,N/A,Italian,Classical,Mae,
Sento nel core (Low),1600s/1700s (Baroque),Scarlatti,Vocal All,B,Dm,E5,D4,N/A,Italian,Classical,Mae,
All The Pretty Little Horses (High),1900s (Modern),Zaninelli,Vocal All,B,Fm,Eb5,C4,2:01,English,Folk,Mae,
All The Pretty Little Horses (Low),1900s (Modern),Zaninelli,Vocal All,B,Dm,D5,A3,2:01,English,Folk,Mae,
Go 'Way From My Window (High),1900s (Modern),Zaninelli,Vocal All,B,C,E5,C4,N/A,English,Folk,Mae,
Go 'Way From My Window (Low),1900s (Modern),Zaninelli,Vocal All,B,A,C5,A3,N/A,English,Folk,Mae,
Nobody Knows de Trouble I've Seen (High),1860s (Civil War Era),Burleigh,Vocal All,C,Ab,G3,E4,N/A,English,Spiritual,Mae,No track
Nobody Knows de Trouble I've Seen (Low),1860s (Civil War Era),Burleigh,Vocal All,C,F,C5,C4,N/A,English,Spiritual,Mae,No track
Sometimes I Feel Like a Motherless Child,1860s (Civil War Era),Burleigh,Vocal All,C,Am,N/A,N/A,N/A,English,N/A,Mae,
Ching-A-Ring Chaw,1840s/1952 (American Folk),Copland,Vocal All,C,D,D5,D4,1:44,English,American Minstrel,Mae,This should probably be removed.
Long Time Ago,1837/1950 (American Folk),Copland,Vocal All,C,Bb,F5,F4,2:33,English,Folk,Andy,
Simple Gifts (Copland),1848 (Shaker/Folk),Copland,Vocal All,C,Ab,N/A,N/A,1:57,English,Folk,Andy,
There is a Balm in Gilead (High),1800s (Romantic),Dawson,Vocal All,C,Ab,N/A,N/A,2:52,English,Spiritual,Andy,
There is a Balm in Gilead (Low),1800s (Romantic),Dawson,Vocal All,C,F,N/A,N/A,2:52,English,Spiritual,Andy,
Into the Night (Low),1900s (Modern),Edwards,Vocal All,C,Eb,N/A,N/A,2:43,English,Classical,Andy,
Into the Night (High),1900s (Modern),Edwards,Vocal All,C,G,N/A,N/A,3:43,English,Classical,Andy,
Greensleeves (Vocal All),1590s (Renaissance),N/A,Vocal All,C,G,N/A,N/A,2:42,English,Folk,Andy,
To the Sky (High),1900s (Modern),Strommen,Vocal All,C,Bb,G5,F4,2:26,English,Folk,Andy,
To the Sky (Medium),1900s (Modern),Strommen,Vocal All,C,Ab,F5,E4,2:04,English,Folk,Andy,
To the Sky (Low),1900s (Modern),Strommen,Vocal All,C,F,D5,C4,2:36,English,Folk,Andy,
Panis Angelicus (High),1872 (Romantic),Franck,Vocal All,C,G,,,N/A,Latin,Classical,Leland,No tracks
Panis Angelicus (Low),1872 (Romantic),Franck,Vocal All,C,F,,,N/A,Latin,Classical,Leland,No tracks
Dedication (High),1885 (Late Romantic),Franz,Vocal All,C,Ab,,,1:09,English,Classical,Leland,
Dedication (Low),1885 (Late Romantic),Franz,Vocal All,C,F,,,1:09 (n/a),English,Classical,Leland,No track for this key
Caro mio ben (High),1780 (Classical),Giordani,Vocal All,C,Eb,,,2:40,Italian,Classical,Leland,
Caro mio ben (Low),1780 (Classical),Giordani,Vocal All,C,C,D5,C4,2:40,Italian,Classical,Jack,
In Sherwood Lived Stout,1800s (Victorian),Jones,Vocal All,C,Eb,,,1:17,English,Folk,Jack,
Homeward Bound (High),1900s (Modern),Keen,Vocal All,C,F,,,2:58,English,Folk,Jack,
Homeward Bound (Medium),1900s (Modern),Keen,Vocal All,C,Eb,,,2:58,English,Folk,Jack,
Homeward Bound (Low),1900s (Modern),Keen,Vocal All,C,D,,,2:58,English,Folk,Jack,
I Wonder as I Wander (High),1900s (Modern),Niles,Vocal All,C,Cm,N/A,N/A,N/A,English,Folk,Mae,No tracks & No Music for Cm
I Wonder as I Wander (Low),1900s (Modern),Niles,Vocal All,C,Gm,D5,Bb3,N/A,English,Folk,Mae,No tracks
Danny Boy (High),1900s (Romantic),Old Irish Air,Vocal All,C,F,A5,D4,2:53,English,Folk,Mae,Music is cut off in the scan
Danny Boy (Medium),1900s (Romantic),Old Irish Air,Vocal All,C,D,H,L,2:53,English,Folk,Mae,
Danny Boy (Low),1900s (Romantic),Old Irish Air,Vocal All,C,C,,,2:53,English,Folk,Mae,
It Was A Lover and His Lass (Quilter),1900s (Modern),Quilter,Vocal All,C,Ab,,,N/A,English,Classical,Sam,No tracks
When Laura Smiles,1623 (Renaissance),Rosseter,Vocal All,C,F,,,N/A,English,Classical,Sam,No tracks
This Little Rose (High),1900s (Modern),Roy,Vocal All,C,F,,,N/A,English,Classical,Sam,No tracks
This Little Rose (Low),1900s (Modern),Roy,Vocal All,C,C,,,N/A,English,Classical,Sam,No tracks
Loch Lomond,1841 (Romantic),Scottish Folk Song,Vocal All,C,Eb,,,N/A,English,Folk,Sam,No tracks
The Ash Grove,1800s (Romantic),Welsh Folk Song,Vocal All,C,F,N/A,N/A,N/A,English,Welsh Folk,Andy,No tracks & No Music
The Water is Wide (High),1900s (Modern),Zaninelli,Vocal All,C,A,E5,E4,N/A,English,folk,Andy,No tracks
The Water is Wide (Low),1900s (Modern),Zaninelli,Vocal All,C,F,C5,C4,N/A,English,folk,Andy,No tracks
The Lass with the Delicate Air,1762 (Classical),Arne,Soprano,A,G,G5,D4,N/A,English,Classical,Andy,No tracks
Quia Respexit,1723 (Baroque),Bach,Soprano,A,Bm,F#5,D4,N/A,Latin,classical,Andy,No tracks
Labbandono,1830 (Romantic),Bellini,Soprano,A,Gm,N/A,N/A,N/A,italian,aria,Andy,No tracks & No Music
La vezzosa pastorella,1780 (Classical),Bruni,Soprano,A,G,A5,F#4,N/A,Italian,Aria,Andy,No tracks
Everywhere I Look,1900s (Modern),Carew,Soprano,A,F,G5,C4,N/A,English,Folk,Andy,No tracks
Intorno all' idol mio,1649 (Baroque),Cesti,Soprano,A,Em,F5,D4,N/A,Italian,Classical,Andy,No tracks
The Bird,1946 (Modern),Duke,Soprano,A,Em,A5,F#4,N/A,English,Folk,Andy,No tracks
Chanson D'Amour,1882 (Late Romantic),Faure,Soprano,A,G,,,2:16,French,Mélodie/Classic,Emma,
Pie Jesu,1887 (Late Romantic),Faure,Soprano,A,Bb,F5,E4,2:50,Latin,Sacred Classical,Emma,
La belle au bois dormant,1880 (Medieval/Late Romantic),Fourdrain,Soprano,A,Gm,G5,D4,2:51,French,Folklore,Emma,
El Majo Discreto,1916 (Late Romantic),Granados,Soprano,A,A,A5,E(C#)4,1:34,Spanish,Classical/Tonadilla,Emma,
El Mirar De La Maja,1910 (Spanish Romanticism),Granados,Soprano,A,Ab,A5,F4,2:41,Spanish,Classical Folk/Tonadilla,Emma,
Solvejgs Lied,1876 (Romantic),Grieg,Soprano,A,Am,A5,E4,4:30,German,Classical/Folk,Emma,
Le rossignol des lilas,1947 (Post-Romantic),Hahn,Soprano,A,Ab,F5 (A5),Eb4,2:03,French,Mélodie/Classic,Emma,
Si Mes Vers Avaient Des Ailes,1888 (Late Romantic),Hahn,Soprano,A,E,G#5,C#4,1:42,French,Mélodie/Classic,Emma,
J'ai pleure en reve,1856 (Romantic),Hue,Soprano,A,F#m,,,1:46,French,Mélodie/Classic,Emma,
The Green Dog,1939 (Modern),Kingsley,Soprano,A,Eb,G5,Eb4,1:11,English,Classical,Emma,
Il mio bel foco (Soprano),1700 (Baroque),Marcello,Soprano,A,Am,,,,Italian,Classical,Shanaya,
Das Veilchen,1785 (Classical),Mozart,Soprano,A,G,,,,German,Classical,Shanaya,
"Deh vieni, non tardar",1786 (Classical),Mozart,Soprano,A,F,A5,A3,,Italian,Classical,Shanaya,
"Corazon, porque passais",1921 (Modern),Obradors,Soprano,A,E,E5,E4,,Spanish,Classical,Shanaya,
Se Tu M'ami (Soprano),1730 (Baroque),Pergolesi,Soprano,A,Gm,,,,Italian,Classical,Shanaya,
O mio babbino caro,1918 (Romantic),Puccini,Soprano,A,Ab,,,,Italian,Classical,Shanaya,
Song of the Blackbird,1900s (Modern),Quilter,Soprano,A,C,G5,E4,,English,,Shanaya,
Du bist die Ruh,1823 (Romantic),Schubert,Soprano,A,Eb,,,,German,Classical,Shanaya,
The River in the Pines,1900s (Modern),Stanley,Soprano,A,Fm,,,,English,,Shanaya,
Die Nacht,1885 (Romantic),Strauss,Soprano,A,D,G5,C#4,,German,Classical,Shanaya,
Morgen,1894 (Romantic),Strauss,Soprano,A,G,,,,German,,,
Come l'all odoletta,1918 (Modern),Donaudy,Soprano,B,Gm,,,1:55,Italian,,,
Come Again Sweet Love,1597 (Renaissance),Dowland,Soprano,B,A,,,2:23,English,,,
To a Little Child,1900s (Modern),Edwards,Soprano,B,Ab,,,,English,,,
Asturiana (Soprano),1914 (Modern),de Falla,Soprano,B,Am,E5,G#4,,Spanish,,Shanaya,
The Fields are Full,1920 (Modern),Gibbs,Soprano,B,Gb,,,,English,Classical,Shanaya,
El Majo Timido (Soprano),1916 (Romantic),Granados,Soprano,B,D,F#5,D4,,Spanish,Classical,Shanaya,
El Tra La La Y El Punteado,1916 (Romantic),Granados,Soprano,B,A,G5,E4,,Spanish,Classical,Shanaya,
My Johann,1870 (Romantic),Grieg,Soprano,B,G,G5(A5),D4,,English,Classical,Shanaya,
Bel Piacere,1709 (Baroque),Handel,Soprano,B,G,G5,D4,2:07,Italian,Classical,Shanaya,
"Maman, dites-moi",1700s (Classical),Jean-Baptiste,Soprano,B,Dm,F#5,D4,,French,Classical,Shanaya,
La Paloma Blanca,1900s (Modern),Kilenyi,Soprano,B,Ab,F5,E4,,Spanish,Classical,Shanaya,
Mi Sueno,1900s (Modern),Kilenyi,Soprano,B,Em,G5,D#4,,Spanish,Classical,Shanaya,
Nel cor piu non mi sento,1788 (Classical),Paisiello,Soprano,B,F,,,,Italian,Classical,Shanaya,
Weep you no more (Soprano),1900s (Modern),Quilter,Soprano,B,Fm,,,,English,,Shanaya,
American Lullaby (Soprano),1932 (Modern),Rich,Soprano,B,F,F5,C4,2:19,English,,Shanaya,
Bury Me Beneath The Willow,1900s (Traditional),Stanley,Soprano,B,A,,,,English,,Shanaya,
Let Us Break Bread Together (Walters),1800s (Traditional),Walters,Soprano,B,G,F#5 (G5),D4,,English,,Shanaya,
Once I Had a Sweetheart,1800s (Traditional),Walters,Soprano,B,Gm,G5,C4,,English,,Shanaya,
Wayfaring Stranger (Soprano),1800s (Traditional),Walters,Soprano,B,Dm,,,,English,,,
Amazing Grace (Soprano),1779 (Classical),Althouse,Soprano,C,G,,,2:35,English,,,
Wiegenlied (Soprano),1868 (Romantic),Brahms,Soprano,C,Eb,,,,English?,,,
Drink to Me Only with Thine Eyes (Soprano),1700s (Classical),Old English,Soprano,C,Eb,,,,English,,,
"Go, Tell It on the Mountain",1865 (Traditional),Dean,Soprano,C,G,,,,English,,,
Florian's Song,1800s (Romantic),Godard,Soprano,C,D,,,,English,,,
Where E'er You Walk (Soprano),1744 (Baroque),Handel,Soprano,C,G,,,,English,folk,Jack,
Evening Prayer,1893 (Romantic),Humperdinck,Soprano,C,D,,,,English,spiritual,Jack,
On Wings of Song (Soprano),1834 (Romantic),Mendelssohn,Soprano,C,Ab,,,,English,folk,Jack,
What Songs Were Sung (Soprano),1900s (Modern),Niles,Soprano,C,Dm,,,,English,folk,Jack,
When Love Is Kind (Soprano),1800s (Romantic),Old English,Soprano,C,Ab,,,,English,,Jack,
Let Us Break Bread Together (Ruck),1800s (Traditional),Ruck,Soprano,C,F,,,,English,,Jack,
Butterflies,1800s (Romantic),Schulz-Reimann,Soprano,C,A,,,,English,,Jack,
She's Like the Swallow,1900s (Modern),Strommen,Soprano,C,Dm,,,,English,,Jack,
Single Girl,1800s (Traditional),Walters,Soprano,C,G,,,,English,,Jack,
For You There is No Song,1900s (Modern),Adams,Mezzo Soprano,A,Bbm,F5,Bb3,,English,,Shanaya,
Must the Winter Come So Soon,1958 (Modern),Barber,Mezzo Soprano,A,Fm,,,,English,,Shanaya,
Song of Devotion,1900s (Modern),Beck,Mezzo Soprano,A,A,,,,English,,Shanaya,
L'amour est un oiseau,1875 (Romantic),Bizet,Mezzo Soprano,A,Dm,F#5,D4,,French,,Shanaya,
Charmant Papillon,1716 (Baroque),Campra,Mezzo Soprano,A,Gm,G5,D4,,French,,Shanaya,
Faites lui mes aveux,1859 (Romantic),Gounod,Mezzo Soprano,A,C,G5,D4,,French,,Shanaya,
At the Cry of the First Bird,1900s (Modern),Guion,Mezzo Soprano,A,Bm,,,,English,,Shanaya,
Come and Trip It (Vocal All),1740 (Baroque),Handel,Mezzo Soprano,A,Gm,E5,B3,2:28,English,Classical,Shanaya,
"Voi, che sapete",1786 (Classical),Mozart,Mezzo Soprano,A,Bb,F5,C4,,Italian,,Shanaya,
Se Tu M'ami (Low),1730 (Baroque),Pergolesi,Mezzo Soprano,A,Em,E5,A3,,Italian,Classical,Shanaya,"only scanned in Em, not in Gm"
Voce di donna,1876 (Romantic),Ponchielli,Mezzo Soprano,A,Eb,G5,A3,,Italian,,Shanaya,
If Music Be the Food of Love,1692 (Baroque),Purcell,Mezzo Soprano,A,Gm,G5,F4,,English,Classical,Shanaya,
Nymphs and Shepherds,1692 (Baroque),Purcell,Mezzo Soprano,A,F,F5,C4,,English,,Shanaya,
"Blow, Blow Thou Winter Wind (Mezzo Soprano)",1740 (Baroque),Arne,Mezzo Soprano,A,Ab,Ab5,Eb4,1:52,English,Classical,Shanaya,
Mon coeur s'ouvre a ta voix,1877 (Romantic),Saint-Saens,Mezzo Soprano,A,Db,Gb5,Bb3,,French,,Shanaya,
The Daisies (Mezzo Soprano),1936 (Modern),Barber,Mezzo Soprano,B,F,,,,English,,,
Over the Land is April (Mezzo Soprano),1894 (Romantic),Quilter,Mezzo Soprano,B,C,,,,English,,,
The Ke,1948 (Modern),Dougherty,Mezzo Soprano,B,Am,,,,English,,,
Who'll Buy My Lavender?,1900s (Modern),German,Mezzo Soprano,B,C,,,,English,,,
My Mother Bids Me Bind My Hair,1794 (Classical),Haydn,Mezzo Soprano,B,A,,,,English,,,
Wayfaring Stranger (Mezzo Soprano),1800s (Traditional),Niles,Mezzo Soprano,B,Em,,,,English,,,
Music When Soft Voices Die,1900s (Modern),Quilter,Mezzo Soprano,B,Ab,,,,English,,,
Lilacs,1893 (Romantic),Rachmaninoff,Mezzo Soprano,B,Ab,,,,English,,,
American Lullaby (Mezzo Soprano),1932 (Modern),Rich,Mezzo Soprano,B,F,,,2:19,English,,,
O cessate di piagarmi (Mezzo Soprano),1683 (Baroque),Scarlatti,Mezzo Soprano,B,Gm,F5,F#4,1:15,Italian,,Emma,
Orpheus With His Lute,1800s (Romantic),Schumann,Mezzo Soprano,B,Dm,,,,English,,,
Simple Gifts (Hayes),1900s (Modern),Shaker-Hayes,Mezzo Soprano,B,G,G5,D4,2:20,English,Folk,Shanaya,
When a Merry Maiden Marries,1889 (Romantic),Sullivan,Mezzo Soprano,B,F,,,,English,,,
Domine Deus (Soprano),1715 (Baroque),Vivaldi,Soprano,A,C,F5,F4,3:26,Latin,Classical/Sacred,Emma,
Have You Seen But A White Lily Grow?,1600s (Baroque),Anonymous,Mezzo Soprano,C,F,,,,English,,,
Wiegenlied (Mezzo Soprano),1868 (Romantic),Brahms,Mezzo Soprano,C,Eb,,,,English?,,,
Couldn't Hear Nobody Pray (High),1922 (Modern),Burleigh,Mezzo Soprano,C,F,N/A,N/A,2:58,English,Spiritual,Mae,No Music
The Lamb,1940s (Modern),Chanler,Mezzo Soprano,C,Fm,Db5,Db4,N/A,English,Hymnal,Mae,No tracks
Asturiana (Mezzo Soprano),1914 (Modern),de Falla,Mezzo Soprano,C,Am,E5,G4,N/A,Spanish,Folk,Mae,No tracks
Across the Western Ocean (Mezzo),1900s (Modern),Dougherty,Mezzo Soprano,C,D,N/A,N/A,N/A,English,,Mae,No tracks & No Music
Ol' Jim,1900s (Modern),Clara Edwards,Mezzo Soprano,C,F,N/A,N/A,N/A,English,Classical,Mae,No tracks & No Music
For Music,1800s (Romantic),Franz,Mezzo Soprano,C,C,,,N/A,English,,Mae,No tracks
A Swan,1870 (Romantic),Grieg,Mezzo Soprano,C,Eb,Eb5,C4,1:44,English,Art / Romance,Mae,
The First Primrose,1870 (Romantic),Grieg,Mezzo Soprano,C,Eb,N/A,N/A,N/A,English,,Mae,No tracks & No Music
Where E'er You Walk (Mezzo Soprano),1744 (Baroque),Handel,Mezzo Soprano,C,G,E5,D4,N/A,English,Baroque,Mae,No tracks
O Rest in the Lord (Mezzo Soprano),1846 (Romantic),Mendelssohn,Mezzo Soprano,C,C,D5,C4,N/A,English,Classical,Mae,No tracks
Ribbon Bow,1900s (Modern),Niles,Mezzo Soprano,C,Em,D5,E4,N/A,English,Folk,Andy,No tracks
The Black Dress,1900s (Modern),Niles,Mezzo Soprano,C,E,E5,D#4,N/A,English,Folk Ballad,Andy,No tracks
Drink to Me Only with Thine Eyes (Mezzo Soprano),1700s (Classical),Old English,Mezzo Soprano,C,Eb,Highest,Lowest,N/A,English,,Andy,No tracks
When Love Is Kind (Mezzo Soprano),1800s (Romantic),Old English,Mezzo Soprano,C,F,Highest,Lowest,N/A,English,,Andy,No tracks
Weep you no more (Mezzo Soprano),1900s (Modern),Quilter,Mezzo Soprano,C,Fm,N/A,N/A,N/A,English,,Andy,No tracks & No Music
Think On Me (Mezzo Soprano),1800s (Romantic),Scott,Mezzo Soprano,C,Eb,Highest,Lowest,N/A,English,,Andy,No tracks
I Know Where I'm Goin',1900s (Modern),Zaninelli,Mezzo Soprano,C,F,N/A,N/A,N/A,English,,Andy,No tracks & No Music
Bist Du Bei Mir,1725 (Baroque),Bach,Alto,B,Bb,,,N/A,German,,Andy,No tracks
The Crucifixion,1953 (Modern),Barber,Alto,A,Am,,,N/A,English,,Andy,No tracks
The Ash Grove (Britten),1943 (Modern),Britten,Alto,A,F,N/A,N/A,N/A,English,,Andy,No tracks & No Music
The Cradle (French only),1879 (Romantic),Faure,Alto,A,Am,,,,French,,,
Eye Hath Not Seen,1800s (Romantic),Gaul,Alto,A,G,,,,English,,,
"Pur dicesti, o bocca bella",1710 (Baroque),Lotti,Alto,A,C,,,,Italian,,,
Il mio bel foco (Alto),1700 (Baroque),Marcello,Alto,A,Em,,,,Italian,,,
Song to the Dark Virgin,1941 (Modern),Price,Alto,A,Fm,,,,English,,,
I Attempt From Love's Sickness (Alto),1695 (Baroque),Purcell,Alto,A,F,,,,English,,,
Le Violette (Alto),1694 (Baroque),Scarlatti,Alto,A,Eb,,,,French,,,
Se Florinda e fedele (Alto),1694 (Baroque),Scarlatti,Alto,A,F,C4,C5,2:18,Italian,Classical/Baroque,Emma,
Connais-Tu le Pays?,1866 (Romantic),Thomas,Alto,A,Db,,,,French,,,
Love Has Eyes (Alto),1814 (Romantic),Bishop,Alto,B,F,,,,English,,,
Calm as the Night (Alto),1800s (Romantic),Bohm,Alto,B,Bb,,,2:54,English,,,
O Can You Sew Cushions,1943 (Modern),Britten,Alto,B,Eb,,,,English,,,
"Weep You No More, Sad Fountains",1597 (Renaissance),Dowland,Alto,B,Dm,,,,English,,,
El Majo Timido (Alto),1916 (Romantic),Granados,Alto,B,Bb,,,,Spanish,,,
Slumber Song,1900s (Modern),Gretchaninoff,Alto,B,C,,,,English,,,
With a Water Lily,1870 (Romantic),Grieg,Alto,B,G,,,,English,,,
Fain Would I Change That Note,1605 (Renaissance),Hume,Alto,B,D,,,,English,,,
The Pasture,1940s (Modern),Naginski,Alto,B,Eb,,,,English,,,
Snowbells,1840 (Romantic),Schumann,Alto,B,Bb,,,,English,,,
Lonely People,1900s (Modern),Berger,Alto,C,Em,,,,English,,,
The Salley Gardens (Alto),1943 (Modern),Britten,Alto,C,Db,,,,English,,,
Couldn't Hear Nobody Pray (Low),1922 (Modern),Burleigh,Alto,C,Db,,,,English,,,
The Soldier,1900s (Modern),Davis,Alto,C,Ab,,,,English,,,
Since First I Saw Your Face,1607 (Renaissance),Ford,Alto,C,C,,,,English,,,
Pleading,1800s (Romantic),Franz,Alto,C,Bb,,,,English,,,
The Joys of Love,1784 (Classical),Martini,Alto,C,F,,,,English,,,
O Rest in the Lord (Alto),1846 (Romantic),Mendelssohn,Alto,C,C,,,,English,,,
It Was A Lover and His Lass (Morley),1599 (Renaissance),Morley,Alto,C,D,,,,English,,,
My Lovely Celia (Alto),1700s (Classical),Munro,Alto,C,Eb,,,,English,,,
The Lass from the Low Countree,1934 (Modern),Niles,Alto,C,Bm,,,,English,,,
The Wild Rider,1900s (Modern),Niles,Alto,C,Cm,,,,English,,,
The Lotus Flower,1840 (Romantic),Schumann,Alto,C,Db,,,,English,,,
I'm Called Little Buttercup,1878 (Romantic),Sullivan,Alto,C,C,,,,English,,,
A Simple Song,1971 (Modern),Bernstein,Tenor,A,G,,,,English,,,
Sonntag,1868 (Romantic),Brahms,Tenor,A,G,,,,German,,,
Come raggio di sol,1710 (Baroque),Caldara,Tenor,A,Gm,,,,Italian,,,
"Vittoria, mio core (Tenor)",1646 (Baroque),Carissimi,Tenor,A,C,,,,Italian,,,
My Lady Walks in Loveliness,1900s (Modern),Charles,Tenor,A,F,,,,English,,,
O del mio amato ben,1918 (Modern),Donaudy,Tenor,A,Ab,,,,Italian,,,
Where E'er You Walk (Tenor),1744 (Baroque),Handel,Tenor,A,Bb,,,,English,,,
I Will Sing of Thy Great Mercies,1840 (Romantic),Mendelssohn,Tenor,A,F,,,,English,,,
If With All Your Hearts,1846 (Romantic),Mendelssohn,Tenor,A,Eb,,,,English,,,
Nina (Tenor),1700s (Baroque),Pergolesi,Tenor,A,Gm,,,,Italian,,,
I Attempt From Love's Sickness (Tenor),1695 (Baroque),Purcell,Tenor,A,F,,,,English,,,
Hey Ho the Wind and the Rain,1921 (Modern),Roger Quilter,Tenor,A,Eb,,,,English,,,
The Roadside Fire (Tenor),1904 (Post-Romantic),Vaughan Williams,Tenor,A,F,,,,English,,,
The Daisies (Tenor),1936 (Modern),Barber,Tenor,B,F,,,,English,,,
It Must Be So,1956 (Modern),Bernstein,Tenor,B,Dm,Highest,Lowest,N/A,English,,Mae,No tracks
Who Is Sylvia?,1900s (Modern),Coates,Tenor,B,D,N/A,N/A,N/A,English,,Mae,No tracks & No Music
The Dodger (Tenor),1950 (Modern),Copland,Tenor,B,G,N/A,N/A,N/A,English,,Mae,No tracks & No Music
Oh Promise Me,1889 (Romantic),DeKoven,Tenor,B,F,N/A,N/A,N/A,English,,Mae,No tracks & No Music
On Wings of Song (Tenor),1834 (Romantic),Mendelssohn,Tenor,B,Ab,,,N/A,English,,Mae,No tracks
My Lovely Celia (Tenor),1700s (Classical),Munro,Tenor,B,G,N/A,N/A,N/A,English,,Mae,No tracks & No Music
Gambler Don't Lose Your Place (Tenor),1900s (Modern),Niles,Tenor,B,F,N/A,N/A,N/A,English,,Mae,No tracks & No Music
What Songs Were Sung (Tenor),1900s (Modern),Niles,Tenor,B,Dm,N/A,N/A,N/A,English,,Mae,No tracks & No Music
Weep you no more (Tenor),1900s (Modern),Quilter,Tenor,B,Fm,,,N/A,English,,Mae,No tracks
Wanderer's Night-Song,1823 (Romantic),Schubert,Tenor,B,Bb,,,N/A,English,,Mae,No tracks
Linden Lea,1901 (Romantic),Vaughn Williams,Tenor,B,G,,,N/A,English,,Mae,No tracks
Amazing Grace (Tenor),1779 (Classical),Althouse,Tenor,C,G,,,2:35,English,,Andy,
I Love Thee,1795 (Classical),Beethoven,Tenor,C,G,,,N/A,English,,Andy,No tracks
Across the Western Ocean (Tenor),1900s (Modern),Dougherty,Tenor,C,D,,,N/A,English,,Andy,No tracks
Rio Grande,1900s (Modern),Dougherty,Tenor,C,Eb,N/A,N/A,N/A,English,,Andy,No tracks & No Music
Turtle Dove,1800s (Traditional),English Folk Song,Tenor,C,Bm,N/A,N/A,N/A,English,,Andy,No tracks & No Music
Angels through the Night,1900s (Modern),Kern,Tenor,C,G,N/A,N/A,N/A,English,,Andy,No tracks & No Music
Greensleeves (Tenor),1900s (Modern),Kern,Tenor,C,Gm,,,N/A,English,,Andy,No tracks
"Jesus, Jesus, Rest Your Head (Niles)",1934 (Modern),Niles,Tenor,C,G,N/A,N/A,N/A,English,,Andy,No tracks & No Music
Passing By (Tenor),1600s (Baroque),Purcell,Tenor,C,G,N/A,N/A,N/A,English,,Andy,No tracks & No Music
Drink to Me Only with Thine Eyes (Tenor),1700s (Classical),Old English,Tenor,C,Eb,N/A,N/A,N/A,English,,Andy,No tracks & No Music
"Jesus, Jesus, Rest Your Head (Row, Tenor)",1900s (Modern),Row,Tenor,C,G,,,,English,,Shanaya,
Think On Me (Tenor),1800s (Romantic),Scott,Tenor,C,F,,,,English,,Shanaya,
"Vittoria, mio core (Baritone)",1646 (Baroque),Carissimi,Baritone,A,A,D4,A2,,Italian,,Shanaya,
Clair De Lune,1887 (Romantic),Faure,Baritone,A,Gm,D4,D3,,French,,Shanaya,
Les Berceaux,1879 (Romantic),Faure,Baritone,A,Am,E4,G2,,French,,Shanaya,
Lydia,1870 (Romantic),Faure,Baritone,A,Eb,Eb4,Eb3,,French,,Shanaya,
Der Wanderer,1700s (Classical),Haydn,Baritone,A,Gm,Eb4,D3,,German,,Shanaya,
"Money, O! (Baritone)",1929 (Modern),Head,Baritone,A,Gm,D4,Bb2,,English,,Shanaya,
The Rovin' Gambler,1900s (Modern),Niles,Baritone,A,Eb,Eb4,Bb2,,English,,Shanaya,
Nina (Baritone),1700s (Baroque),Pergolesi,Baritone,A,Dm,,,,Italian,,Shanaya,
Come Ye Blessed,1800s (Romantic),Scott,Baritone,A,Eb,Eb4,Bb2,,English,,Shanaya,
The Roadside Fire (Baritone),1904 (Post-Romantic),Vaughan Williams,Baritone,A,Db,Db4,Bb2,,English,,Shanaya,
The Vagabond (Baritone),1904 (Post-Romantic),Vaughan Williams,Baritone,A,Cm,,,,English,,,
Love Has Eyes (Baritone),1814 (Romantic),Bishop,Baritone,B,F,,,,English,,,
Calm as the Night (Baritone),1800s (Romantic),Bohm,Baritone,B,Bb,,,,English,,,
The Trumpeter,1904 (Romantic),Dix,Baritone,B,G,,,,English,,,
Rolling Down to Rio (Baritone),1902 (Romantic),German,Baritone,B,Gm,,,,English,,,
Rend'il sereno al ciglio,1734 (Baroque),Handel,Baritone,B,F,,,,Italian,,,
When First We Met (Baritone),1700s (Baroque),Handel,Baritone,B,F,,,,English,,,
Where E'er You Walk (Baritone),1744 (Baroque),Handel,Baritone,B,G,,,,English,,,
Evening,1900s (Modern),Niles,Baritone,B,Em,,,,English,,,
Gambler Don't Lose Your Place (Baritone),1900s (Modern),Niles,Baritone,B,Eb,,,,English,,,
The Gambler's Lament,1900s (Modern),Niles,Baritone,B,Em,,,,English,,,
An den Sonnenschein,1840 (Romantic),Schumann,Baritone,B,G,,,,German,,,
Zueignung,1883 (Romantic),Richard Strauss,Vocal All,B,Ab,,,,German,,,
I am a Pirate King,1879 (Romantic),Sullivan,Baritone,B,C,,,,English,,,
The Policeman's Song,1879 (Romantic),Sullivan,Baritone,B,F,,,,English,,,
Down Among the Dead Men (Baritone),1700s (Classical),Anonymous,Baritone,C,Bm,,,,English,,,
Across the Western Ocean (Baritone),1900s (Modern),Dougherty,Baritone,C,D,,,,English,,,
Five Eyes,1922 (Modern),Gibbs,Baritone,C,Bb,,,,English,,,
Serenade,1700s (Classical),Haydn,Baritone,C,Bb,,,,English,,,
Passing By (Baritone),1800s (Romantic),Purcell,Baritone,C,Eb,,,,English,,,
The Jolly Roger,1900s (Modern),Robertson,Baritone,C,F,,,,English,,,
"Jesus, Jesus, Rest Your Head (Row, Baritone)",1900s (Modern),Row,Baritone,C,D,,,,English,,,
Think On Me (Baritone),1800s (Romantic),Scott,Baritone,C,Eb,,,,English,,,
When I Was One-And-Twenty (Baritone),1904 (Romantic),Somervell,Baritone,C,Bb,,,,English,,,
Io So Che Pria Mi Moro,1650 (Baroque),Aniello,Bass,A,Em,,,,Italian,,,
"I Said, ""I Will Forget Thee"" (German Only)",1864 (Romantic),Brahms,Bass,A,Dm,,,,German,,,
"Deep River (Low, Bass)",1800s (Traditional),Burleigh,Bass,A,C,,,,English,,,
"Vittoria, mio core (Bass)",1646 (Baroque),Carissimi,Bass,A,A,D4,A2,,Italian,,,
"Arm, Arm Ye Brave",1746 (Baroque),Handel,Bass,A,C,,,,English,,,
Si Tra I Ceppi,1738 (Baroque),Handel,Bass,A,C,,,,Italian,,,
"Money, O! (Bass)",1929 (Modern),Head,Bass,A,Gm,D4,Bb2,,English,,,
In diesen heil'gen Hallen,1791 (Classical),Mozart,Bass,A,E,,,,German,,,
O Isis und Osiris,1791 (Classical),Mozart,Bass,A,F,,,,German,,,
Nina (Bass),1700s (Baroque),Pergolesi,Bass,A,Dm,,,,Italian,,,
"Arise, Ye Subterranean Winds",1695 (Baroque),Purcell,Bass,A,C,,,,English,,,
Strike the Viol,1694 (Baroque),Purcell,Bass,A,F#m,,,,English,,,
Pilgrim's Song,1880 (Romantic),Tchaikovsky,Bass,A,D,,,,English,,,
The Roadside Fire (Bass),1904 (Post-Romantic),Vaughan Williams,Bass,A,Db,Db4,Bb2,,English,,,
The Vagabond (Bass),1904 (Post-Romantic),Vaughan Williams,Bass,A,Cm,,,,English,,,
Bright is the Ring of Words,1904 (Post-Romantic),Vaughan Williams,Bass,A,C,,,,English,,,
Cabin,1946 (Modern),Bowles,Bass,B,F#m,,,,English,,,
Shenandoah,1800s (Traditional),Dougherty,Bass,B,D,,,,English,,,
Rolling Down to Rio (Bass),1902 (Romantic),German,Bass,B,Gm,,,,English,,,
When I Was One-And-Twenty (Bass),1904 (Romantic),Somervell,Bass,B,Bb,,,,English,,,
To the Forest,1880 (Romantic),Tchaikovsky,Bass,B,D,,,,English,,,
Every Time I Feel the Spirit,1800s (Traditional),African American,Bass,C,C,,,,English,,,
Mary Had a Baby,1800s (Traditional),African American,Bass,C,C,C4,C3,2:16,English,Spiritual,Emma,
Down Among the Dead Men (Bass),1700s (Traditional),Anonymous,Bass,C,Bm,,,,English,,,
The Salley Gardens (Bass),1943 (Modern),Britten,Bass,C,Db,,,,English,,,
I Bought Me a Cat,1950 (Modern),Copland,Bass,C,F,,,,English,,,
The Dodger (Bass),1950 (Modern),Copland,Bass,C,G,,,,English,,,
Across the Western Ocean (Bass),1800s (Traditional),Dougherty,Bass,C,D,,,,English,Folk/Shanty,,
The Water is Wide (Ruck),1600s (Traditional),English Folksong/Ruck,Bass,C,F,C4,C3,2:44,English,Folk,Emma,
When First We Met (Bass),1700s (Baroque),Handel,Bass,C,F,C4,C3,,English,Classical,Emma,
Black is the Color,1941 (Modern),Niles,Bass,C,Ebm,,,,English,Folk,Emma,
The Monk and His Cat,1953 (Modern),Barber,Alto,A,F,E5,D4,2:31,English,Classic,Emma,
How Can I Keep from Singing,1868 (Romantic),"Lowry, arr. Ruck",Alto,C,F,,,2:40,English,Hymn,Emma,
If there were Dreams to Sell,1918 (Modern),Ireland,Alto,A,Db,Bb4,D4,2:09,English,Classic,Emma,
Over the Land is April (Alto),1894 (Romantic),Quilter,Alto,A,C,E5,D4,3:05,English,Classic,Emma,
The Black Swan,1946 (Modern),Menotti,Mezzo Soprano,A,Gm,,,,English,Classical Opera,Emma,
Come To The Fair,1917 (Modern),Martin,Soprano,B,Bb,G5,G4,2:43,English,Classical,Emma,
Ich Liebe Dich,1864 (Romantic),Grieg,Soprano,B,C,E5,E4,2:19,German,Classical,Emma,
A Slumber Song of the Madonna,1938 (Modern),Barber,Soprano,B,Ab,E5,C#4,2:22,English,Classical,Emma,
"Mother, I Cannot Mind My Wheel",1940s (Modern),Barber,Soprano,B,Am,E5,D#4,1:33,English,Classical,Emma,
The Silver Swan,1612 (Renaissance),Gibbons,Soprano,B,Eb,F5,F4,1:46,English,Madrigal,Emma,
My Master Hath a Garden,1900s (Modern),Thompson,Soprano,C,Eb,N/A,N/A,N/A,English,N/A,Emma,
Balm in Gilead,1800s (Traditional),Ruck,Soprano,C,G,,,2:52,English,Spiritual,Emma,
Didn't My Lord Deliver Daniel?,1800s (Traditional),Arranged by Brian Dean,Mezzo Soprano,C,Gm,Eb5,G4,1:49,English,Spiritual,Emma,
Mary Had a Baby (Walters),1800s (Traditional),Arranged by Richard Walters,Mezzo Soprano,C,Eb,,,2:36,English,Spiritual,Emma,
Che fiero costume,1600s (Baroque),Giovanni Legrenzi,Mezzo Soprano,A,Em,C#5,B3,2:40,Italian,Classical,Emma,
Mai,1880 (Romantic),Faure,Mezzo Soprano,A,E,E4,A#3,2:13,French,Classical,Emma,
Au bord de leau,1875 (Romantic),Faure,Mezzo Soprano,A,Bbm,Eb5,Db4,2:15,French,Classic,Emma,
Nuit dEtoiles,1880 (Romantic),Debussy,Mezzo Soprano,B,Eb,G5,D4,3:10,French,Classic,Emma,
Domine Deus (Soprano),1715 (Baroque),Vivaldi,Soprano,B,C,F5,F4,3:26,Latin,Classical/Sacred,Emma,
"Le Violette (Soprano, High)",1694 (Baroque),Scarlatti,Soprano,A,C,G5,G4,2:42,Italian,Classical,Emma,
Le Violette (Soprano),1694 (Baroque),Scarlatti,Soprano,A,Bb,G5(B5),F4,2:42,Italian,Classical,Emma,
Sento nel core (High),1700 (Baroque),Scarlatti,Soprano,A,Gm,G5,F#4,3:30,Italian,Classical,Emma,
Alleluia,1773 (Classical),Mozart,Soprano,A,F,A5(C6),F4,2:43,Latin,Classical,Emma,
My Heart Ever Faithful,1725 (Baroque),Bach,Soprano,A,F,A5,F4,2:36,German,Classical,Emma,
Ridente la calma,1775 (Classical),Mozart,Soprano,A,F,A5,F4,4:21,Italian,Classical,Emma,
Se Florinda e fedele (Soprano),1694 (Baroque),Scarlatti,Soprano,A,Bb,F5,F4,2:16,Italian,Classical/Baroque,Emma,
Classical,1694 (Baroque),Scarlatti,Soprano,B,Am,G5,G#4,1:15,Italian,Classical,Emma,
Steal Away,1800s (Traditional),Ruck,Soprano,C,F,,,3:20,English,,Emma,
Se Florindo e fedele (Vocal All),1694 (Baroque),"Scarlatti, A",Vocal All,A,Ab,,,2:15,Italian,Classical/baroque,Emma,
379,,,,379,379,176,176,190,379,190,249,